x,y,z
1.8790302574982303,-0.8733838552972469,0.7866720831151449
1.9090068736173904,-1.0209146778595513,0.7911407733543583
1.9134310576863711,-1.0648212988735513,0.7913429816658235
1.7416331267907859,-0.32136454536941483,0.7731973333683022
1.7770212581495457,-0.4712144441825196,0.776056409347794
1.816422404305825,-0.6174966120594049,0.777175996600149
1.8519457080532737,-0.7679188939848591,0.7800459934198987
1.9124170676589074,-1.0651043372090772,0.789059008208219
1.7626603142013548,-0.4149977862680418,0.7726856660686883
1.7980484455601147,-0.5648476850811466,0.77554474204818
1.8375299094681534,-0.7114875047567278,0.7766623748799866
1.8634359367377404,-0.8622720672960346,0.782899676118542
1.894157702598189,-1.0087969230276828,0.7870394685093702
1.7058063421055352,-0.19937138833804147,0.7679624232718816
1.7375877789374128,-0.3503693474599734,0.7721945833004399
1.7802067018061443,-0.493891692857183,0.7718927781809276
1.815594833164904,-0.6437415916702878,0.7747518541604194
1.8504028312227008,-0.7911349347651448,0.7775640600418867
1.8721391136129377,-0.940648241340433,0.7851458422920677
1.7209740381626941,-0.26817525355260263,0.7669857997142533
1.756226997132765,-0.4174527692533579,0.7698339548534874
1.7954325562070808,-0.5629593765733337,0.7709124099010691
1.8308206875658406,-0.7128092753864385,0.7737714858805609
1.856991122281856,-0.8605416540563529,0.7796461152342353
1.887202124651297,-1.008977233252133,0.7841759592344537
1.6927811723337998,-0.1902531509677342,0.7662814592297738
1.7315330074275137,-0.33385602762613986,0.7673148135862803
1.7702388584695938,-0.4813622896908451,0.7687639491601463
1.8094981440060904,-0.6271139488529892,0.7698383014251617
1.8401668590495706,-0.7774701487038185,0.774413568370758
1.87096000244894,-0.9242551330201053,0.7785793917669477
1.9011172783562,-1.0724456603737171,0.7831133385497325
1.7061223973719741,-0.2512912956942607,0.765172469731499
1.7405581173756768,-0.397108239397729,0.7679545985447154
1.7881756004463405,-0.54141862231954,0.7659051169697626
1.8183478440561631,-0.6896549810520136,0.7704487164703269
1.849784061556904,-0.8391490027729823,0.7746732498326322
1.8751166841653202,-0.9873651108096929,0.7809317721768227
1.67915954099166,-0.16211852910670244,0.7629216037722099
1.7183157650766918,-0.3074688756306716,0.763970742606117
1.7571661893315753,-0.45152432265457126,0.7649951752768178
1.8050506649823301,-0.5970144138772335,0.7629436228975242
1.8221968537545277,-0.7473499891361342,0.7723634978593195
1.8572065024249584,-0.8955972152346602,0.7751919954860894
1.882309795365113,-1.0428071364529485,0.781448876736164
1.6901624046047306,-0.2132374090593827,0.7616321369531279
1.7250368808864724,-0.3609122520455593,0.76444971373964
1.7637969954516552,-0.5046028344804352,0.765458406666844
1.798806644122086,-0.6528500605789612,0.768286904293614
1.828516884279838,-0.7990949828733946,0.7728100645324055
1.8536700560923007,-0.9464810168168024,0.7790878624895525
1.8842775278980022,-1.0924376634712927,0.7832589493915969
1.7000218427659408,-0.2595144908813686,0.760250290567275
1.7305337096096087,-0.4091363266019439,0.7648466592335432
1.7691990826034945,-0.5524432777883745,0.7658392543569139
1.7994428206105826,-0.7009297306139615,0.7704139603728346
1.8341821245036356,-0.8480321904877884,0.7732206163190889
1.8595339708113365,-0.9921403431259384,0.7791051013544359
1.6587476902528098,-0.16679857091936645,0.7628681182314214
1.704476635430908,-0.30330854854463607,0.7605714913887451
1.739215939323961,-0.45041100841846304,0.7633781473349994
1.7779150953128444,-0.5938785614796662,0.7643650284042902
1.799728912039563,-0.7433762267668287,0.77211856638457
1.8342249056329758,-0.8894483970384265,0.7749055648183603
1.8632227410284625,-1.0326415666375166,0.779388055386377
1.670366357989268,-0.20007314412236588,0.7595123460482089
1.7077293004172127,-0.3419771376465067,0.7608124568722767
1.7343670935379258,-0.4914674145676794,0.7668312324651271
1.7727233225861163,-0.6335004034528449,0.7677819643517506
1.8072193161795294,-0.7795725737244428,0.7705689627855409
1.8320572202294596,-0.9255183232699149,0.7768719503346251
1.8567901906400581,-1.0669426899718146,0.7827368315949246
1.6767257459458438,-0.23148023959566533,0.7578713654513507
1.7063407410579727,-0.37725165432580055,0.7624206044494889
1.740701562262697,-0.5227514414850489,0.7651966820430214
1.7750623834674208,-0.6682512286442973,0.7679727596365539
1.804141120906391,-0.8117518775844558,0.7724786733339972
1.834483598519589,-0.9565302584961604,0.7766553698731915
1.8590653491546263,-1.0972827019712752,0.782523231999974
1.6735480751352165,-0.2632032197583001,0.7597899260735453
1.7115486254809495,-0.4037651964182767,0.7606950350898903
1.7503805968141595,-0.5478477983856884,0.7616673162253291
1.7802702678903977,-0.6947647707367735,0.7662471902769553
1.800797815842041,-0.8386683619147501,0.7739677330634307
1.8308805932754326,-0.9823330117070189,0.7781302026782321
1.6395612440168281,-0.13999651809259905,0.75664496109946
1.677052243577688,-0.28248488270605954,0.7579351536333008
1.7107168161836244,-0.4250364276702223,0.7606549799479972
1.7413544732746196,-0.5710366583446892,0.7648690341282216
1.770851822134715,-0.7162748060738189,0.7694256551527192
1.8004745783401441,-0.8579774717408091,0.773557713515926
1.82946048806402,-1.0010499469727212,0.7780730143776122
1.6384017253615413,-0.15983093780962165,0.7566020713353003
1.6723840638779364,-0.30372805225429134,0.759347570576111
1.7023201621939679,-0.44674351586501904,0.763511699216411
1.7442882666373798,-0.5878890473475797,0.762974934734008
1.7700685634048559,-0.7336219317745992,0.7689852243536199
1.798622707166381,-0.8748485591157066,0.7734740854511843
1.8235418893396849,-1.0169350816171683,0.7794148039474489
1.6369293171251882,-0.17424584309304247,0.7561127175652185
1.6708035177306322,-0.3176850510478325,0.7588494801338228
1.7003068698352322,-0.46291352157381077,0.7634234730680634
1.7379966041774964,-0.6022120045319244,0.7642781403108907
1.7635206455755776,-0.7468281959038741,0.7702829247670145
1.7966002098107947,-0.8869025418244258,0.7729554871173165
1.8213983090033925,-1.0284447543831674,0.778901621290351
1.6335176654279364,-0.18447699249124472,0.7559199586933973
1.6672566936446913,-0.3273438173336852,0.7586458004217439
1.6974968352017128,-0.47161866402601776,0.7628480028237468
1.734181651254976,-0.6107353879227887,0.7640527979484643
1.759565552581487,-0.7547265727165069,0.7700614584219119
1.7886924054815032,-0.8942872345622099,0.7741737160674308
1.8171701194898406,-1.0351551248349298,0.7786732891524826
1.6257174551265712,-0.19229973978979553,0.7571553238223201
1.659213173043686,-0.334136275030007,0.7598615080382027
1.692708890960801,-0.4759728102702185,0.7625676922540853
1.7256554987481274,-0.6154841564081314,0.7652295127942976
1.7591512166652423,-0.7573206916483428,0.7679356970101803
1.7882794072114772,-0.8968729786145241,0.7720548174851155
1.8089056829735033,-1.0368964689646196,0.7794600956319713
1.6214758462877823,-0.19488326135370926,0.7564929016359543
1.654316088916796,-0.33394420766551103,0.759146128728095
1.6877036689229599,-0.4753228364158429,0.7618435762717712
1.7205439115519734,-0.6143837827276446,0.7644968033639119
1.7539314915581372,-0.7557624114779765,0.7671942509075882
1.7820048165751563,-0.8948828318851331,0.7716780395152394
1.8034922081909917,-1.0344580958823277,0.7787317038392645
1.6115165967031948,-0.19345482354924315,0.757606183158225
1.6474936170203,-0.3296165265684772,0.7587335298132856
1.680746024637775,-0.4704227722064595,0.7614200565167041
1.7179415637733464,-0.6076987970258387,0.7622010229754539
1.7430069781618627,-0.750246595251552,0.7682295468886082
1.7718027937518506,-0.8883633730064401,0.7723353236609505
1.8009256822036495,-1.0278651302266197,0.7764675252861133
1.6045887560609473,-0.18458987806534655,0.7567621975599129
1.64044743705769,-0.3202645161553802,0.7578732285926781
1.6701194437210176,-0.4620774576005103,0.7620565493048266
1.706192627787024,-0.5986604020065347,0.7631849104578696
1.735650131381088,-0.7395650371356741,0.7673509010497402
1.7648913591532494,-0.8795538592850543,0.7714994182971983
1.79240296338228,-1.0162605934171913,0.7759547112855094
1.596605257385927,-0.17122670455260125,0.75584643281212
1.63234205355703,-0.30639926438589726,0.756940861774321
1.6619214419767336,-0.4478059777717743,0.7611234544367558
1.6978727412171004,-0.583886843921061,0.7622352135192345
1.72723762656754,-0.7243852509909473,0.7664004760613914
1.7601656204521614,-0.8638177771592908,0.7690607927481913
1.7799251252365575,-0.999988445521056,0.7764838546403641
1.5902601091495299,-0.14863328507429618,0.7532769720162213
1.622648299855715,-0.2857800321251259,0.7558936769540572
1.6555762937403364,-0.4252125582934693,0.758553993640857
1.6835366461853478,-0.5637844044986425,0.7630624287665095
1.7163294676812804,-0.7026445475546365,0.7657118246130514
1.7416051963155301,-0.8419532232980617,0.7713530420712751
1.773647700257199,-0.9776361709140302,0.773941818302878
1.7982781469310194,-1.1142124210457147,0.7795309021761333
1.611631902363639,-0.2635634469357647,0.7552047241461469
1.641011429086826,-0.40409577422704523,0.7593846791100447
1.6736961126718075,-0.5424980107931595,0.7620253382843805
1.7058449817717893,-0.6786313582352391,0.7646227079640551
1.7310577938508505,-0.8176455376601859,0.770272351788134
1.762993932634207,-0.9528780854500433,0.772852534571665
1.7865738530472823,-1.0890092555416058,0.7788218353619241
1.6004210391422444,-0.236460397259869,0.7540636768193429
1.629718584137639,-0.37663153647450753,0.7582437630783343
1.6587998533111312,-0.5158868627093867,0.7624063759929132
1.6943376337533385,-0.6502588141667107,0.7634644618120666
1.7232043998575668,-0.7886058340855993,0.7676097446063676
1.751324393912809,-0.9237906718919994,0.7716946942339984
1.7748550278270394,-1.0596815519234668,0.7776752112784757
1.5881944048224446,-0.20502801948991622,0.7528540728860851
1.6174135135953234,-0.3448529839554497,0.757034576888439
1.6498819213584024,-0.48233940754180477,0.7596577627183624
1.6853900001121742,-0.6165996272583542,0.7607066941219469
1.7106063900234716,-0.7555728005014457,0.766383646039557
1.7377031098489168,-0.8904349756618387,0.7708476369496021
1.7621390454110955,-1.02610334018084,0.7764615344419861
1.5682547996642582,-0.17709523279338857,0.7551446603148745
1.6074310436831494,-0.30679777719487245,0.7541999575211039
1.6364671238278383,-0.4458336737489584,0.7583724290428833
1.6682968974528822,-0.5806158217127046,0.7609440183783427
1.7006571673050102,-0.7176443388091802,0.7635584675360598
1.7240422502766293,-0.8528557121305917,0.7695576216494088
1.7522978760721997,-0.9885867999605874,0.773667038745962
1.7763677543779988,-1.1226770286566936,0.7792648712771968
1.5862265030677167,-0.2734489960042922,0.7564170560764898
1.6183434626202045,-0.40944722349853846,0.7590118477217427
1.653437587469397,-0.541982646979835,0.7600138254672839
1.682050874191533,-0.6792141993477812,0.7641588934442938
1.7099231503107581,-0.8133079662604867,0.7682440937330708
1.7381056581417282,-0.9487153993326829,0.7723543582453902
1.7582029867077607,-1.0820254305810197,0.77947809514743
1.574246056400519,-0.22688779415872817,0.7534429692448079
1.606363015953007,-0.36288602165297446,0.756037760890061
1.6344901333457622,-0.4980448666050565,0.760150305059492
1.6700704275243352,-0.6326529975022172,0.7611848066126121
1.6943052041524782,-0.7673853264194033,0.76682298063362
1.7224199122767638,-0.9024916247251057,0.7709345222341093
1.746424231061896,-1.0362480873523845,0.7765540771176285
1.5548026989714712,-0.18080800996266255,0.7535596481193281
1.5900164684602855,-0.3138781430030301,0.754557782671319
1.6215005553208135,-0.4471964915319154,0.7571014433005453
1.6499817881348577,-0.5838407876944107,0.7612493519021638
1.6818824718654435,-0.7189232022088978,0.7638266702030043
1.7095181016709027,-0.8519868197538101,0.7679062608924527
1.7336101878751224,-0.9860868524829345,0.7735464161932621
1.7577447729118651,-1.1163564861281332,0.7787282914592293
1.5666998677661885,-0.2673825150208399,0.7562354081134398
1.5978648591517788,-0.39934966407139183,0.758753288398451
1.6365131317910826,-0.5309497318604796,0.7581685392321764
1.6684138155216683,-0.6660321463749665,0.7607458575330169
1.6887022309201618,-0.8000249767482288,0.7679458255373918
1.7240830742634192,-0.9338166177261273,0.7689507035527464
1.7444929847634558,-1.0643170659389856,0.7756970850949452
1.5522836913005915,-0.21045113764793955,0.7530915529661779
1.583448682686182,-0.3424182866984915,0.7556094332511891
1.6117003601970143,-0.4780624601482677,0.7597523051500172
1.6468174985035486,-0.6107514897679471,0.7607291231640452
1.6743352564220242,-0.7432879044175568,0.7648127002711785
1.6993396265081415,-0.8771914779034666,0.770088488817753
1.7302121137083721,-1.007920027432213,0.7725827371205671
1.753659393467281,-1.1392334917061466,0.7781978162877037
1.5647218281602353,-0.2832328011319327,0.7539844287050175
1.595780454387513,-0.4147495503563736,0.756493715541957
1.6273567243852451,-0.5484582454012218,0.7590448238261789
1.6620080638542623,-0.6791889039930711,0.759977254287544
1.6835151310930463,-0.8142580119202567,0.7668494284282343
1.7105804019822737,-0.9448643457656041,0.7709032029863447
1.7379439385029358,-1.0767336757900046,0.7749810750050895
1.5445528555263133,-0.21791263483498824,0.7522564221480379
1.5755051165952785,-0.34897898423331797,0.7547571155369057
1.6044020369174785,-0.48333101940311674,0.7584971590179468
1.641460157262112,-0.6122781931929538,0.7582118781604934
1.6630187673492383,-0.7475269501232049,0.7651067921337111
1.690035738810805,-0.8779147225035121,0.7691634192454712
1.7212064916424705,-1.0099062682113118,0.7716817650089196
1.744446391669629,-1.1402854333149364,0.7773071085975785
1.552386582530271,-0.28311934759040336,0.754214788828856
1.5836654732728874,-0.4155687997880826,0.7567418712645106
1.6144315953148054,-0.5458469494907179,0.7592275261192529
1.6492934329961702,-0.6774970341597749,0.7601634536239623
1.6732982919503396,-0.8110873149248192,0.7658641092493013
1.7001605988259332,-0.9408061260139751,0.7699149954666391
1.7243884348884624,-1.071347785996711,0.7751635088001883
1.5308558418670921,-0.21196613285237698,0.752408847485782
1.5620265946987577,-0.34395767856017656,0.7549271932492303
1.5926863515823628,-0.4737854284367008,0.757404254655901
1.6273766673642087,-0.6047232482635017,0.7583195698142792
1.6477724555234312,-0.7389601586345385,0.7656295340485256
1.6754189325758282,-0.8679961735325966,0.7692786839226471
1.7091739591001744,-0.998962841586881,0.7705902809780888
1.7327109897619162,-1.1265547399969633,0.7757948036265159
1.5427341680979918,-0.2663112918251067,0.7514214614691712
1.5700494294362128,-0.3979200457524229,0.7555224522755122
1.601112044356927,-0.5294536849703428,0.7580320613667544
1.635735430644928,-0.6601221331172302,0.7589352144027386
1.6563105620831355,-0.7910905589172889,0.7658063979791713
1.6871839356596854,-0.9218228617779195,0.7683007178940525
1.7136695487630682,-1.0499184970615691,0.7723346798054342
1.5160844388252062,-0.18936889119619305,0.7511231038123666
1.5470389158349693,-0.32044462392423356,0.7536239762314025
1.5774859424019496,-0.44937157414853557,0.7560838507419296
1.6084404194117128,-0.5804473068765761,0.7585847231609657
1.6361899498338348,-0.7098986392901572,0.7622523310548798
1.6633585239729562,-0.8408722119132803,0.7663482254754039
1.6898082469171483,-0.9688018323782694,0.7703860425093769
1.7136065652850847,-1.0974510082905191,0.7756353167542345
1.5234492168548845,-0.23650981108113345,0.7512153043859444
1.5538164695531302,-0.3650989614358522,0.7536687338104178
1.58468984312968,-0.49583126429648283,0.756163053725299
1.6176990765944845,-0.6236714837106817,0.7573991985021864
1.6386689115384168,-0.7562340537067924,0.7643394221138038
1.6688234339200374,-0.8839224044092889,0.7667756646421338
1.6927512881706719,-1.0130955274077669,0.7720472251701225
1.7192657246679106,-1.1412851362229588,0.7760970252963211
1.5284408018474744,-0.27755572435094755,0.751604502708755
1.5558673276589836,-0.40959350679769413,0.7557347470634842
1.5894669250530065,-0.5359688712503063,0.7565349219278318
1.620232160718605,-0.6662432676210573,0.7590205051705068
1.6431738920952064,-0.7951913780174522,0.7647028162343175
1.67089706494444,-0.9245100414914545,0.7683784267862035
1.7013649213549231,-1.0535251950150366,0.7708399841803114
1.5022151154151169,-0.18638503223434233,0.749485106457217
1.536129811508901,-0.31410871104915683,0.7503039840001614
1.559662772053936,-0.4455322840576564,0.7560475711354683
1.5971559347144328,-0.5725218579485155,0.7552344032192382
1.6243409310606802,-0.7035228525794534,0.7593518886969532
1.644357291128725,-0.8319707489756579,0.7662522303894463
1.6747170096282569,-0.9605279960093605,0.768705051111348
1.6977520896173945,-1.0858715583967,0.7739281243241889
1.5061998092359736,-0.223111140974246,0.7498199751168775
1.5362479664592816,-0.35034909185063146,0.7522476241971356
1.5642550134473718,-0.4808487525445456,0.7559563016305365
1.6008432411984341,-0.6080027287185982,0.7555384906190159
1.6246912532124282,-0.7367640570749299,0.7608390630188488
1.6477353933808647,-0.8660896577945645,0.7665566669216906
1.6708091556799751,-0.9915724507499959,0.7717946861807681
1.697926724031676,-1.118305642898056,0.7754315009046693
1.5062409190741204,-0.25500438839589445,0.7513007431599239
1.5366006375736523,-0.383561635429597,0.7537535638818255
1.5669603560731842,-0.5121188824632995,0.756206384603727
1.5968223742694452,-0.6385686336439904,0.7586189951498599
1.6235566644208224,-0.7676330492570864,0.7627135767140021
1.6439828336926028,-0.8937743224948722,0.7692005122974855
1.6739640695038056,-1.020728896813996,0.7716227546666654
1.699997235986639,-1.146824426906643,0.7756606910856017
1.507631338593773,-0.28067844070965375,0.7514581004539589
1.5378829191823538,-0.40877778125347664,0.7539021845036543
1.567638572220302,-0.5347771326080566,0.7563062016017154
1.601423833126253,-0.6619948395998132,0.7570943575488928
1.6212757262643864,-0.7896304835268808,0.7640371383947528
1.6485269279688273,-0.916908483140471,0.7676948817547673
1.67850816378003,-1.0438630574595948,0.7701171241239472
1.7010632026243762,-1.1671001958590455,0.7753368763602626
1.5093012376712691,-0.3035501495874001,0.7511645030198344
1.538977116840483,-0.4292117010723968,0.7535620750318417
1.5691475939958504,-0.55696761174881,0.7559996065773824
1.5952769484728044,-0.683442368596203,0.7600588237282478
1.6253392877172208,-0.8107403727827366,0.7624876186015823
1.6488167260618534,-0.9378588136388851,0.7677937141151969
1.6685271868645208,-1.0608992469933916,0.7742566000109419
1.4790911529479738,-0.19536024110592454,0.7487941244417395
1.5086606669588751,-0.32057139276481006,0.751183103005675
1.536215686269356,-0.44911483956570797,0.7548755245187178
1.5687853454477076,-0.5751674011378771,0.756040692752344
1.5956866622227257,-0.700942765674134,0.7596803003657793
1.6256678980339285,-0.8278973399932579,0.762102542734959
1.6485564642544899,-0.9524976524434428,0.767372882951187
1.6744682214268025,-1.078036961435902,0.7714212747508546
1.4783398305779938,-0.2079337389239505,0.7483268647811498
1.5083210663891968,-0.33488831324307444,0.7507491071503296
1.5383023022003997,-0.4618428875621982,0.7531713495195094
1.5677920423425666,-0.5867162393515004,0.7555538829973911
1.5977732781537695,-0.7136708136706242,0.7579761253665709
1.6235915307061388,-0.8388001412719461,0.7620237175044577
1.644015564854519,-0.9647919824065407,0.768578028170928
1.6692470362835303,-1.087436604300483,0.7725782131202859
1.4763051310189494,-0.21899894192385094,0.7482581607291253
1.5061782289192012,-0.34549560975309523,0.7506716664260988
1.533046983487096,-0.47111203202658336,0.7543187754130354
1.5654347018033072,-0.5964152295455305,0.7554591121528824
1.5921425790692543,-0.7213504220820257,0.7590932235496105
1.6155025041836772,-0.8478975516909472,0.7644252874222106
1.6413216511941058,-0.9730166277468052,0.7684797065834801
1.6674152696707973,-1.0953507612875089,0.7720641908175939
1.471419121064447,-0.22979330487180838,0.749453999381293
1.500616357021254,-0.35342805713930503,0.7518129008769774
1.5303002135773414,-0.47912338861125997,0.7542111173975901
1.562958849772799,-0.6016406351648635,0.754874477350697
1.5891813060902358,-0.7284534723507116,0.7589682354138874
1.6124292295403557,-0.8545017661074007,0.764303071281289
1.6357642646418176,-0.976975258041237,0.7691511463679881
1.6612044938574972,-1.1004757798392262,0.7731817067818176
1.4677269593341673,-0.22983318861959667,0.7487879834480929
1.4997625525349387,-0.353666382363544,0.7498897391772461
1.526447174545114,-0.47848204262205524,0.7535321038741818
1.5586436450478331,-0.6029964661029955,0.7546468571935432
1.5883275016039204,-0.7286917975749504,0.7570450737141559
1.6055881606062923,-0.8530036261844319,0.7648809320063549
1.6349205689517883,-0.9772107615642781,0.7672507543422973
1.6569693501820184,-1.098156757912691,0.7725005300040009
1.4659049055773925,-0.225960964268757,0.7467916610748704
1.489842679684075,-0.35488127149365256,0.7522058729732246
1.5212816247636314,-0.47619850737101893,0.7532543582711139
1.5542278739112132,-0.5999617198757607,0.7539274455174171
1.5797873369053144,-0.7239390550574867,0.7579811485769247
1.6001166096049304,-0.849389240906985,0.7645953508653529
1.6288617936389092,-0.9711097939135095,0.7669177302067327
1.6551755840178144,-1.0943446502869327,0.7705352007635131
1.4599934782049826,-0.22050499535976853,0.7464604093285152
1.4841668400782249,-0.34646517897507667,0.7514066108787494
1.5159992193851932,-0.46945892870057954,0.7524818164245088
1.5509499470500345,-0.5899246479050253,0.751813500323713
1.5716832059615082,-0.7170504025674046,0.7584772283400856
1.5968805923109268,-0.8394804967970626,0.7625084332814313
1.61952083642628,-0.9628818867745292,0.7678296360346212
1.6456530365180793,-1.085337275620154,0.7714375016276076
1.45110558112347,-0.2102764518350081,0.7469032992381709
1.480437989468966,-0.33448358721485427,0.7492731215741133
1.5092895386612577,-0.45665454004748984,0.7516040943635648
1.5351960341478332,-0.5820732949072072,0.7556993443700373
1.563941218181812,-0.7037938479137317,0.7580217237114171
1.5867947607420345,-0.8280738748404891,0.7633719800880947
1.6130183744530635,-0.9509058223786669,0.7669922972340044
1.6386064563431748,-1.071046630955831,0.7705612685276857
1.443329032749062,-0.19685951236050114,0.7464517571501947
1.4720742167830405,-0.31858006536702566,0.7487741364915745
1.5012984872175856,-0.44232929425699213,0.7511352221553107
1.5279662923229145,-0.5670316265776583,0.7547964924569147
1.5592679416861093,-0.6877990761534831,0.7558186871604265
1.5794344033501075,-0.8124545506891384,0.7624703963163613
1.6051165579884066,-0.9329831779545084,0.7660520339991674
1.6311111602792485,-1.0548348547090798,0.7696589149356845
1.6594308836799767,-1.17475380841116,0.7719469204847774
1.4585140007566806,-0.30417998177978656,0.7508924151870364
1.4932073044686796,-0.42362935284441766,0.7501678388228021
1.5184867048728503,-0.5463646156413257,0.7542259341143163
1.5475217339632308,-0.6693125081740029,0.7565717306016915
1.5733803943474092,-0.7905780139928149,0.7601726945958784
1.5930626931513552,-0.9131482187933235,0.7668021741883588
1.6279523292180729,-1.0334289528703182,0.7660934598970237
1.647017266915646,-1.1533849620134402,0.7726730616846544
1.45434567968098,-0.27853101506537237,0.7472302032798102
1.4829047246879115,-0.39946336837620244,0.7495375440870644
1.5094185340303765,-0.5234925519659566,0.7531965049089547
1.5378978051685737,-0.6440871054072033,0.7554974006301552
1.5668517308257408,-0.7666915680724707,0.7578366446133757
1.5865949882059862,-0.889484802246652,0.7644879360637693
1.611965372096591,-1.0086721877057119,0.7680545173188886
1.6376437717581422,-1.1291638559945516,0.7716459837673824
1.444032710156434,-0.2503773622670359,0.746105270435971
1.472986635813601,-0.37298182493230336,0.7484445144191914
1.4989669634702094,-0.4947414682362078,0.7520654402865836
1.5304198326089655,-0.6161808410388175,0.7530846541236125
1.5540514575701014,-0.7397417639597619,0.7580377483825977
1.5787166153484962,-0.8598479580061821,0.7620597273341287
1.6045781685783225,-0.9811046548375959,0.7656710571845075
1.6298099514333058,-1.0996946093652435,0.7692315066610951
1.4337642931645411,-0.2223913070798611,0.7449940692154848
1.462163790434004,-0.3426480606515244,0.7472885198506316
1.4910366126579577,-0.46490909344938225,0.7496212113296974
1.5139413033688016,-0.5892828634491747,0.7550347042007619
1.5456713876341641,-0.7079945387501493,0.75556225181157
1.5681195945405833,-0.8304353428295481,0.7609388644679933
1.5934547570951065,-0.9494525260301865,0.7645127322604122
1.6190966058560978,-1.0697683620627787,0.7681113778281043
1.6445762477506622,-1.1893973383605512,0.7716969183874873
1.4453846950902216,-0.3144317185352511,0.7492362395722454
1.4764389043567752,-0.4342040376389373,0.750213112765049
1.5021207569104786,-0.5546787391147955,0.7538200563857631
1.5307232343570547,-0.6757950056879543,0.7561309061843134
1.5561644357400755,-0.7952506775572361,0.7597184071287655
1.5846858097534382,-0.9160235142629851,0.7620227044231611
1.607498004052627,-1.0360724672248875,0.766929859559907
1.6285454181265218,-1.1525570908923415,0.7722051202653296
1.4351841331345847,-0.27495111026649655,0.7466254827363675
1.4633177175082661,-0.3940818642728823,0.748898449751335
1.4894176133548507,-0.5163162272406432,0.7525442339717594
1.5200537793285234,-0.6343288848524267,0.7534822665648527
1.54599279787316,-0.7558820180831946,0.7571150531950687
1.5717696095513702,-0.8767482915791429,0.7607347348169752
1.590329192174626,-0.9943889022484156,0.7673579424646924
1.6214045576144978,-1.1142613358088496,0.7683314588371153
1.423576891960264,-0.22951396429742288,0.7439010775497412
1.4497894744577409,-0.3522149659229592,0.7475610320127033
1.4783108484711036,-0.47298780262870826,0.7498653293070989
1.5063646589760502,-0.5917807567655106,0.7521318512360124
1.534886032989413,-0.7125535934712596,0.7544361485304081
1.5539010116510443,-0.8320874662027002,0.7611130354059712
1.582152040887029,-0.9517155366837502,0.763395491019851
1.607067411641252,-1.0689235370966732,0.7669506412223718
1.6322837071558673,-1.1874057936843023,0.7705301037217287
1.435858163898637,-0.30862023258264704,0.7462011818034563
1.4613954444991735,-0.42845116082085244,0.749811643381158
1.4897546116461093,-0.548537137791782,0.7521028356672442
1.5228441410888343,-0.6652654037214312,0.7516816931347837
1.539757655761904,-0.787559736015709,0.75975294053792
1.5674657795023348,-0.9048888907176503,0.7619915337606006
1.5927960912323216,-1.0238434159608811,0.765585273920596
1.6150434785898835,-1.1414375362314733,0.7704771936183976
1.4205979657654744,-0.2593773090988376,0.7447441003193367
1.4457555540796634,-0.3814844497428753,0.7488463922421261
1.4735434516888288,-0.49915140431439997,0.7510914305508605
1.5017944809248136,-0.6187794747954499,0.7533738861647405
1.5295823785339788,-0.7364464293669745,0.7556189244734749
1.555110469041508,-0.8562279131288696,0.7592337096344652
1.5804763526826102,-0.9753225371559453,0.7628353897871464
1.5994532544630964,-1.0907304426198594,0.7690255337944791
1.4019055295668243,-0.21114373247188734,0.7450963699597035
1.4296136533072552,-0.3284728871738287,0.7473349631823841
1.4577835791100267,-0.447757527787469,0.7496108662921095
1.485953504912798,-0.5670421684011093,0.7518867694018347
1.513661628653229,-0.6843713231030506,0.7541253626245153
1.539146846767618,-0.8039607357770336,0.7577417501102386
1.5640107150821978,-0.9209190628001509,0.7613079375368094
1.5863272640378825,-1.038763928325671,0.7662257092098042
1.610790933444311,-1.1540276260030455,0.7697595637880053
1.4154111345970664,-0.27198996593825187,0.7444278995080702
1.4435810603998376,-0.39127460655189217,0.7467038026177955
1.46632596283442,-0.5109122623944586,0.7516663139392689
1.4943336817707649,-0.6295100432732795,0.7539291120406848
1.5218822577737268,-0.7461635982360542,0.7561548150912578
1.547166385321986,-0.8648909700807849,0.7597600221477071
1.5718318221993937,-0.9809985162703025,0.7633152439812058
1.5967928655792782,-1.0983577986432207,0.7668943484391372
1.3957306436562216,-0.21561479103549475,0.7442132983414584
1.4209222617374617,-0.33393990520679484,0.7478160974468737
1.4512869385955285,-0.4508661268770902,0.7487017994934475
1.4788355145984904,-0.5675196818398649,0.7509275025440205
1.504244294877952,-0.6867643623228085,0.7545478466059155
1.5321709103810832,-0.8050187133342196,0.7568040922031767
1.5541200805976492,-0.9212658081616703,0.7617124469082369
1.5762026504502655,-1.0380777794377019,0.7666315792294204
1.6033523571095554,-1.1530423350525598,0.7688250568497246
1.4073219095535265,-0.2683337586488085,0.7434002968445244
1.432479962192979,-0.3865062117169812,0.7470054502013785
1.4579349508993875,-0.5059360309663807,0.7506345936007661
1.4883331931992418,-0.6230149137398036,0.751517941395901
1.5131694912347988,-0.7398249073339901,0.7550970995723383
1.5410150033047167,-0.8577358284779916,0.7573467926654448
1.5600238873683545,-0.9731528099936064,0.7636003134090388
1.584751604304801,-1.0895030204319713,0.767170699107236
1.6147757957979223,-1.2049979971502367,0.7680238266099855
1.4109699221612517,-0.3223101650325503,0.7466784986858315
1.4411570900387747,-0.43850578930904477,0.7475397272989623
1.4660435851947151,-0.5555178116631666,0.7511280070671951
1.4938079938314197,-0.6730853029397583,0.7533711476561471
1.518453837816678,-0.7890782956873037,0.7569399847481174
1.5433926291754556,-0.9063117646225968,0.7605324896283188
1.5681692136678067,-1.0228583738230705,0.7641118895002106
1.5923337553117003,-1.136813307357463,0.7676418412396565
1.3910404912539094,-0.25314460591745724,0.7449167944545139
1.4159000687904566,-0.37003211715758366,0.7485079655646901
1.4459532769854246,-0.4856710228110806,0.7493533052456691
1.4706519772200246,-0.601877304314214,0.7529314787656367
1.5008660627169403,-0.718197439704704,0.7537898160368242
1.5258563807605803,-0.8356385673977585,0.7573915499269219
1.547460565362699,-0.950361655841195,0.7623024289857192
1.5720466958047512,-1.0660912641950275,0.7658715077731444
1.596023442527304,-1.1792404568784316,0.7693913532643253
1.401635110268972,-0.28999128313815103,0.7424557526462434
1.4265502031838186,-0.407103343129518,0.7460564750206187
1.4517582434721845,-0.5254558793086328,0.7496808651832247
1.4793604452424627,-0.6423365108504051,0.7519109007638672
1.5065101519017523,-0.7573010664652631,0.7541043783841714
1.5286778623714574,-0.8743893283380952,0.7590709179317052
1.5528710017742577,-0.9884442995097332,0.7626133122772938
1.5744736473404273,-1.1031398123063503,0.7675341991319466
1.3749513979668806,-0.2154026285464119,0.7433441882476073
1.4020213307574358,-0.3300293842916866,0.7455312207818576
1.4295424290945005,-0.44656658596604915,0.7477547038583454
1.4566123618850557,-0.5611933417113238,0.7499417363925959
1.4841334602221203,-0.6777305433856864,0.7521652194690838
1.5085456514341251,-0.792702553041211,0.7557303775052815
1.5305079563144488,-0.908899972933844,0.7606904540732002
1.5577857443518734,-1.0244068850059773,0.762894279637224
1.5817166332225137,-1.1373408354483492,0.7664205523208973
1.3818296157483676,-0.24810117025008238,0.7421808068369321
1.4018307782239627,-0.3675619827734744,0.7485904867156195
1.4364206468759875,-0.4792651276697196,0.7465913224476703
1.4634905796665427,-0.5938918834149942,0.7487783549819207
1.4884134404967928,-0.7110157777443266,0.7523898370788578
1.5104947535205882,-0.8276960751263993,0.7573696606837799
1.5373253647049403,-0.941309431262924,0.759537357959869
1.5617629345003894,-1.0563783763856245,0.7631096324499788
1.5797537954838767,-1.1673266321955165,0.7693568961601107
1.383217315294917,-0.2807069220950671,0.7437797992808137
1.4129514037697275,-0.395036642902275,0.7445790923836311
1.4350316209457339,-0.5116912413034703,0.7495689595904425
1.464845483289279,-0.6263587619802614,0.7503746977793134
1.4891400201675102,-0.7408115095121285,0.7539404824305552
1.5137208565968665,-0.8564765832426111,0.7575293977795232
1.5376949684356809,-0.9695725012983185,0.761069294668449
1.55623706287663,-1.082823349399701,0.7673762918083706
1.5860482660912174,-1.1974796100808396,0.76818181516104
1.3836428775921163,-0.3091964175476444,0.7453213230596263
1.413229710739583,-0.42291311975359075,0.7461036530492828
1.440060321923935,-0.5365264758901154,0.7482713503253718
1.4673381099613596,-0.6520333879622489,0.7504751758893957
1.4915379214317737,-0.7660744944909745,0.7540383735594351
1.5133107997416821,-0.881406617745281,0.7590135423988957
1.5347592643187373,-0.9953650215299485,0.7639625012217378
1.561191006159417,-1.1072893783185567,0.7660979730675579
1.356530967835564,-0.22103726005395608,0.7446583051726534
1.3877649324540475,-0.3301819591251668,0.7439555301597396
1.4125591761048777,-0.4467296401907629,0.7475718192308748
1.4392302395517609,-0.5596673965881209,0.7497266263348562
1.4689091389780873,-0.6737844798015556,0.7505113284695131
1.4934614018937564,-0.7893075012627488,0.7541080674462852
1.514684074226087,-0.9022887364338794,0.7590489162119648
1.5388321495401684,-1.0161002385558504,0.7626130000860644
1.5604554366154746,-1.1269254447609471,0.7670485106662855
1.3597420615579736,-0.23814430747140902,0.743229046087609
1.386776539295758,-0.35262092994131333,0.7454132141391687
1.4133678288739067,-0.4652208864690881,0.7475615761570964
1.440402306611691,-0.5796975089389924,0.7497457442086561
1.4721394992628314,-0.6909941695035133,0.7490734938299584
1.4913740189579152,-0.8070823060508886,0.7554820279723016
1.5151517058288857,-0.9193148809537138,0.7590212535122798
1.5373324229141485,-1.032482957650839,0.7635102433954462
1.5640695213968172,-1.1457003372735743,0.7656703855984388
1.3598086078763019,-0.2534720693136163,0.7431689789274869
1.38442270766285,-0.36923587835771454,0.7467808459629239
1.4108544495035298,-0.48116023514632267,0.7489163178087439
1.4402268721948581,-0.5940006111767968,0.7496661269541709
1.4667383879042726,-0.7062627678349883,0.7518080438860448
1.491030733086925,-0.8206641174051005,0.755393915741065
1.513332783033063,-0.9343284253071985,0.7599011517900824
1.5368096620019855,-1.0452767095437923,0.7634211405432194
1.5605626471943612,-1.1573941566623327,0.7669634364553093
1.3594206768595334,-0.26685430291614753,0.7430823257968483
1.3862929477308912,-0.38064406565123243,0.7452533888400987
1.4115478702429376,-0.4952689986699312,0.7483793245603059
1.4395969604429286,-0.6063581851749253,0.7495599237291692
1.469056131155201,-0.7195764222215826,0.750311675347193
1.4884565169722177,-0.8324618477300257,0.7562212358501944
1.512445838312024,-0.9455695233041957,0.7597876918882052
1.5358372988244817,-1.056145576522433,0.7633058455868462
1.5595035359959137,-1.1678851626247906,0.7668461990263391
1.3608503878968965,-0.27639708426318865,0.7415192774765929
1.385716860027892,-0.38937011714493674,0.7446172069139791
1.4101060539460346,-0.5041605109073822,0.7482210355043211
1.4389136212052978,-0.6146300835106344,0.7489150767429107
1.46573182312118,-0.7281908930007794,0.751081771450058
1.4841014048774381,-0.8405217138735039,0.7574660201926394
1.5106762964936802,-0.9530522337614199,0.7596130573873228
1.532531411385175,-1.06478891186751,0.7641010715797111
1.5556260526890213,-1.174097564412995,0.7676003107458136
1.3609585118422256,-0.28034364777079934,0.7398494555640464
1.3811283046313292,-0.3964309458453872,0.745848196986695
1.4077842996807846,-0.5093048956007129,0.7480017866855331
1.4369507324910078,-0.6213046021086155,0.7487197553013696
1.4606593062542945,-0.7332024024924244,0.7522736613340476
1.481972671178319,-0.84646237926861,0.7572724980184714
1.5034469867458213,-0.9565690260672403,0.7617381901406057
1.5298056025401612,-1.068183732975397,0.7638677539908766
1.550878832823193,-1.1765919970964,0.7683010416525737
1.356408704015426,-0.28372315220214117,0.7405424941191854
1.3784513471787407,-0.40005017547007904,0.7456103827489241
1.404590584834061,-0.5107359327368814,0.7477222226125471
1.4336735814119277,-0.6223928605391893,0.7484283841840658
1.457304714105623,-0.7339522098916,0.7519810996708531
1.4794313019492442,-0.8468033336938744,0.75650793358713
1.4999400708920594,-0.9566352161361017,0.761451897534468
1.5262175832531857,-1.0679064931768487,0.763574908880584
1.5476434906164227,-1.1777906081246163,0.7680451334576884
1.349805113160563,-0.28219873174015886,0.7416360159009177
1.3740390986097077,-0.3963003122823402,0.7452425031034398
1.4000985623962936,-0.5066482696795594,0.7473478978810089
1.4290941340483676,-0.6179455287827932,0.7480419301539071
1.453086138762351,-0.7310224497205718,0.7516288672620661
1.472045173826289,-0.8419266769318695,0.757556808246094
1.4983226861874153,-0.9531979539726165,0.7596798195922101
1.522287060942082,-1.0623300260131379,0.7627149989651114
1.5427012213354248,-1.1717402329606983,0.7676614514412421
1.3412923789928377,-0.2801966702134836,0.743697986848695
1.3699842498972163,-0.39021844763788416,0.7443624164785602
1.3964239691247697,-0.5021765844134505,0.7464985328329856
1.4240930052735234,-0.6116915420664388,0.7476315397997206
1.4462947337145522,-0.724825748552534,0.752181331366987
1.469566231339313,-0.8348411761768845,0.7557151233744552
1.4940196682690075,-0.9460371466458718,0.7587931924111273
1.5141814451280473,-1.0543575850233673,0.7637293864680779
1.537345691218176,-1.1639188594897225,0.7672545134154072
1.3361305059378705,-0.27322340951391444,0.7432931852369263
1.3643001843318534,-0.38104450895001185,0.7439103598491777
1.390658800126193,-0.4926592158581686,0.7460399236994486
1.416585307464888,-0.6024441734727489,0.7481345766669281
1.4403789976000443,-0.7146602790854025,0.75171562369201
1.4644625980513928,-0.8242831693870086,0.7547671902992739
1.4879602384959123,-0.9352456621503197,0.7583243188938895
1.5112956720740052,-1.0455212951788113,0.761868342480196
1.5340429949642613,-1.1533065925020969,0.7653648514598723
1.3319284478862303,-0.25884143157592965,0.7413122865065259
1.3577751813561907,-0.3682885893209267,0.7434004943879515
1.3840526937173174,-0.4795598663616737,0.7455235057340677
1.4086820844281271,-0.5914868683323383,0.7486225451774073
1.436176939548404,-0.7002783011474176,0.7497347249616095
1.4554329591697368,-0.8123558652758538,0.7557271884560639
1.4810669623230721,-0.9209022233686287,0.7577982094413461
1.5043342617829258,-1.0308788153505068,0.7613417944084682
1.5298884910675268,-1.1390873735736984,0.7634063703076966
1.3249585573398237,-0.24036677962639807,0.7402203296350351
1.3527115655222186,-0.3502583727914419,0.7413499887281703
1.3785582989921792,-0.45970553053643903,0.743438196609596
1.3982885461078016,-0.5737631174682577,0.7494824833826678
1.4289925459327337,-0.6808953428818953,0.7486254379698408
1.4525998875693729,-0.7923013031498614,0.7522015616747537
1.4729219133159503,-0.9012371343173706,0.757181098963782
1.4970507270413214,-1.011037439667726,0.760243073197792
1.5182133203515684,-1.1197188153959576,0.7647342413601323
1.5435814106091224,-1.2271391739234545,0.7667837787252354
1.3407168996599776,-0.3333612636924487,0.7432032612928503
1.366350902813313,-0.4419076217852234,0.7452742822781325
1.389975202458363,-0.5533748608674649,0.7488568421223185
1.4209914162191488,-0.661850204753355,0.7480148889432121
1.4415095648489746,-0.7715954532842344,0.7530204035190959
1.465703752868762,-0.8816655644223798,0.7560910368487244
1.4884461080761366,-0.9893982382797833,0.7596023426859824
1.5123978721726032,-1.0984418131475837,0.7626533901152139
1.5348463936301395,-1.2049302574853553,0.766140956552174
1.3339860261329353,-0.3082430201339763,0.7410315641571759
1.3600472626721594,-0.418598484194964,0.7431371021588795
1.383265275633168,-0.5283347861167471,0.74669190338022
1.4142395959902587,-0.636653792387128,0.745836433413962
1.43479963802378,-0.7465553785335166,0.7508554647769974
1.4590077905114658,-0.8566776022101651,0.753930603702343
1.4799459292232067,-0.9643734344453381,0.7584205246369375
1.5029179727556174,-1.0730681867692393,0.761955453509612
1.5257278094216016,-1.181076079358321,0.7654772773739771
1.3226815074014928,-0.2827742352547593,0.7412970847487323
1.3501493118805525,-0.3914792012020648,0.7423935695422519
1.3741086182574727,-0.5005406745135335,0.7454519810853708
1.400034682408008,-0.6103237554621717,0.7475465982468166
1.4276638073771752,-0.7197118278124124,0.7486561164365784
1.4470711847695175,-0.8285147164343006,0.7541535002025759
1.4728620765313638,-0.9377254142705893,0.756237196523764
1.4926396819916574,-1.044292739380126,0.761203145451395
1.5163508029991817,-1.152303279764002,0.7642415056156799
1.3120802331640236,-0.2526486736570044,0.7405102387793615
1.3402115394143688,-0.3603704634371738,0.7410939168187839
1.362191855287843,-0.4724442634418943,0.7456849241697532
1.3875599455453966,-0.5798646219693913,0.7477344615348562
1.4175647144208838,-0.6879199836445862,0.7473434303168682
1.436110827427878,-0.7968510801602502,0.753346086658599
1.4591314121863785,-0.9057303200887925,0.7568950694089296
1.4843399547064635,-1.0124750788771228,0.7589317166019249
1.5080685856871632,-1.1205527451270392,0.761974868810196
1.5307120173218138,-1.227834942338829,0.7654933806259057
1.3253671538082024,-0.33124836829363613,0.7427929460130004
1.3534167965788297,-0.43863488603197914,0.7433649602322394
1.3787848868363837,-0.5460552445594762,0.7454144975973425
1.40457577859823,-0.655265942395765,0.7474981939185305
1.4277848351829208,-0.7649327308581868,0.7510674697431496
1.45041154252585,-0.8721335802726504,0.7545896964395762
1.471469039956097,-0.9802821865226865,0.7591145909411594
1.4946629684630661,-1.0860886528747493,0.7621179208755111
1.5201024120143214,-1.1938111546189292,0.7641732230120288
1.3153552738039904,-0.29219118174771175,0.7403781229456143
1.343373333356939,-0.39945449069568917,0.7409425194264705
1.3667748504612565,-0.5099257176854697,0.7445324105796811
1.3920631668500758,-0.6170082763433835,0.7465755028587303
1.4177729551787088,-0.7258755443122624,0.7486526466757637
1.4386778951871761,-0.8333606022150355,0.7531736592144134
1.4597339623580794,-0.9414856032040746,0.7577068816105316
1.4847563658511174,-1.0474421622967105,0.7597284902694015
1.5073238028390001,-1.1543815039834033,0.7632509944673165
1.3027276668510206,-0.2534255135673257,0.73945627333706
1.3279362093711056,-0.36017027235565613,0.7414929205300553
1.3496396737483713,-0.4710191070229759,0.7460868908539462
1.37877343678661,-0.5754388692454557,0.7456001590359295
1.4044021216820295,-0.683962707346925,0.7476707503488081
1.4257022848340268,-0.793103776006907,0.7522321371820937
1.448993279629696,-0.8993072273229481,0.7552500640491264
1.4716747328329498,-1.0067188376652427,0.7587868459076798
1.4947255196460962,-1.1119051360406496,0.7617853659044838
1.5200297908086626,-1.2190552546724798,0.7638297472007437
1.3147839248151771,-0.31537608173993636,0.7399690236025516
1.3380403099198235,-0.42521169331764735,0.7435573213967209
1.3619342662475469,-0.5339613462092817,0.7466273400781678
1.3910885166359939,-0.63848541032827,0.7461338200250622
1.4123961132918401,-0.7476404070460977,0.7507042508735555
1.4374185167848779,-0.8535969661387337,0.7527258595324254
1.4601368714637264,-0.9611543052626994,0.7562706888017654
1.4804113965194614,-1.065934793669423,0.7607576557858621
1.5037132534659112,-1.1721772208623722,0.7637798376063765
1.300947433584545,-0.2714528246231991,0.7389680814668749
1.3245030197932564,-0.3787626406293435,0.7420141399473014
1.3499424633445116,-0.4864851423735234,0.7440694420838191
1.3749648668375496,-0.5924417014661594,0.746091050742689
1.4004043103888046,-0.7001642032103393,0.7481463528792067
1.421090456549976,-0.8066701390141306,0.7526750189811837
1.4437118698802092,-0.9138064538052445,0.7562170822391532
1.4670923967658642,-1.0203749867642478,0.759248997336295
1.4918488873631208,-1.125205546291606,0.7612491223749858
1.517017986136998,-1.231783281811087,0.7632825828309879
1.3116771367737865,-0.32775455149049726,0.7393888549976569
1.334796367265635,-0.4369883276430971,0.7429762039413904
1.360154707383677,-0.5443673995198673,0.7450249535737534
1.3850973370079807,-0.6499861587429201,0.7470401171465696
1.408747547929644,-0.757689640489035,0.7500971979208343
1.4309950273114893,-0.863232014733466,0.7536141163964134
1.454402814309832,-0.9699089602092362,0.7566516112702814
1.474487896631672,-1.0738521617323291,0.7611401597032892
1.496637874618397,-1.1789816694694917,0.7646492008514691
1.2921623460960048,-0.278624131839584,0.740822006593147
1.3192473534693558,-0.3819891081029483,0.741285689629266
1.3445516246319222,-0.4891392267347787,0.7433300709255259
1.367004860178183,-0.5955423394848325,0.7468686789107053
1.3947453428396355,-0.7016829046766063,0.7473853190705662
1.4153063085500592,-0.8076236701583759,0.7519207584963309
1.4377972150898892,-0.9141862995135106,0.755462409994369
1.458286384318452,-1.019823045112655,0.7599920488426853
1.4809374315750863,-1.123288581053565,0.7629717826197842
1.5077829675510581,-1.229414727527513,0.7639909740968223
1.3026011984919368,-0.32610173491219185,0.7400898343956186
1.3278243662212894,-0.4329084236766126,0.7421276631877238
1.3530475339506425,-0.5397151124410333,0.7441654919798292
1.3762098027902867,-0.6453383801075155,0.7471899057223805
1.398826691625798,-0.7524239480986895,0.7507468016439651
1.4261353921614204,-0.8567466751543548,0.7512234912170732
1.446782678868108,-0.963035415231669,0.7557743481320323
1.4639585833933448,-1.0659397826166996,0.7617743787988206
1.488776233956631,-1.1710293220440717,0.7637794450701525
1.2863624913061384,-0.2681504430255708,0.7383587966191142
1.311118981903395,-0.3729810025529291,0.7403589216578048
1.3362880806772721,-0.47955873807240995,0.742392382113807
1.3586223323252806,-0.5854369587009798,0.7459315092959294
1.386213670048406,-0.6909670331192492,0.7464259676084999
1.4083870443944666,-0.7961640240108259,0.7499520972004138
1.4290346735944486,-0.9024366654909116,0.7545114252340424
1.4494119580170528,-1.0075645407462983,0.7590489115871553
1.4738227618497932,-1.1109313008387955,0.7610211079196129
1.4967029454666991,-1.2153530681944384,0.7640261088274151
1.2929186990719574,-0.31047411765690247,0.7390560809968356
1.316479402148854,-0.4177705031280113,0.7421194397749378
1.339141286705178,-0.5250255453962893,0.7456901031259093
1.3636850469858093,-0.6289553052714254,0.7476730412684566
1.3886378699377842,-0.734617227811147,0.7496890283800463
1.4114398348853843,-0.8387007611893299,0.7526910872285701
1.4363385888818838,-0.9441337304841119,0.7547027060040568
1.4580555962818642,-1.0473877209637696,0.7581970308913246
1.478115457287304,-1.151153928141421,0.762717315436993
1.2729735347538509,-0.2480798598476318,0.7387856212222386
1.2975172950344818,-0.3520096197227678,0.7407685593647859
1.3209248806430942,-0.45865061467219687,0.7438229248639259
1.3470138782670882,-0.5616013021376256,0.7447674846189227
1.3719667012190633,-0.6672632246773473,0.7467834717305124
1.3948047900425435,-0.7714927038911398,0.7497918264764352
1.415304193007477,-0.877102588420213,0.7543560659201025
1.4400677746152875,-0.9819631746026454,0.7563567638553312
1.4616249079479844,-1.0845296541856688,0.759843238274453
1.4843863252198477,-1.1884344701914729,0.7628453985765573
1.2768016683051981,-0.2863177659797348,0.7404527393290082
1.303881659505229,-0.38971414804130533,0.7408906867548156
1.330342709548367,-0.4942472990038259,0.741861927969389
1.3532709912032033,-0.5988516772981677,0.7448809469488136
1.3781697451997028,-0.7042846465929495,0.7468925657243002
1.3983534975001104,-0.808540369708056,0.7514397465846574
1.4204518804340671,-0.913388223914894,0.754975015680839
1.442899746123858,-1.0159582963279674,0.7579552209198064
1.4628180287166437,-1.1190898965437384,0.762480953966018
1.4902184449560916,-1.2238431080814685,0.7629447891541414
1.2838179196478268,-0.31924982885770614,0.7394693788776804
1.310920839773814,-0.42275383203979294,0.7399041127072417
1.3314696784228963,-0.5285379526280435,0.7444892330519477
1.3562332600307068,-0.6333985388104759,0.7464899309871765
1.380590881284291,-0.7365400989899175,0.7484578305955982
1.4027474387255048,-0.8416237619436492,0.7520028657921807
1.425637831833562,-0.9460606828612648,0.7550222010613875
1.4452493275250147,-1.0478756549819113,0.7595315916449616
1.4697425643554474,-1.1515914749396445,0.7615104478996748
1.2863130843185537,-0.3517906747123136,0.741054134179226
1.3109955624931509,-0.4563078310273362,0.7430482796103002
1.3352734098780006,-0.5591115913371946,0.7450097341326681
1.359955888052598,-0.6636287476522172,0.7470038795637421
1.3842337354374474,-0.7664325079620755,0.7489653340861102
1.4071646843029813,-0.871034141374722,0.751991323313052
1.4295846372204548,-0.9734719789560932,0.7549760281832161
1.4495120253748626,-1.0766070386303075,0.7595193837814059
1.4739511932498197,-1.180093905343101,0.7614938717000159
1.2669901194510014,-0.27317262872041137,0.7379512206557433
1.2916725976255985,-0.37768978503543404,0.7399453660868174
1.3144025647016073,-0.48143334800465076,0.7429584949831648
1.3374290246564124,-0.5864324004891521,0.7459955781160121
1.3632556387264225,-0.6883001114715364,0.7469054298764679
1.3861748471465956,-0.7928450107980424,0.7499338479491762
1.4081042827786059,-0.8969458751404106,0.7534706656704955
1.4303795388028284,-0.9987639788530023,0.7564470575763365
1.4529481853887298,-1.1018244354192839,0.7594471530764417
1.478857232456432,-1.2040412062669041,0.760363664759153
1.2664632835442928,-0.30035149641563963,0.7404972610099905
1.2943144395173136,-0.3995682358249878,0.7397971400482739
1.3173850007348724,-0.5047470141320571,0.7428411635871254
1.343571257955557,-0.6081446419651535,0.7437766942382158
1.3661308232250557,-0.7111596244409473,0.7467794334202895
1.386407242259526,-0.8157375463512185,0.7513678747982533
1.4104457680381723,-0.9175279070523269,0.7533099940624599
1.4303188858473743,-1.0203980629552603,0.7578658519498187
1.4508619033700871,-1.1223612714179363,0.7618857783309636
1.4765947791034642,-1.2238390699922341,0.7627846794096483
1.270175591402056,-0.3192510000629908,0.7392672328118817
1.2942672997598588,-0.42126656067715473,0.7412136488001242
1.3171944936486453,-0.525831235113271,0.7442494667927535
1.3412330194272917,-0.6276215958143794,0.74619158605696
1.3656721873022488,-0.7311084625271729,0.74816607397557
1.3883839917454521,-0.8347610773154142,0.7511844902358541
1.4096985159285773,-0.9362370603470554,0.754681760202482
1.4303332814820746,-1.0385747337824043,0.7587158538439043
1.4541324856545177,-1.1393516948747628,0.7606386378499497
1.271218986623789,-0.3343222725530616,0.7390084407426531
1.2956581544987462,-0.437809139265855,0.7409829286612633
1.3185248572446124,-0.5421106463621967,0.7440172368359594
1.3441358481523498,-0.6430863666797568,0.7448995358440799
1.3668952993635841,-0.7469337206181031,0.7479251789586372
1.3882812936987554,-0.8487018123749017,0.7514332892066748
1.4090113527883141,-0.9514289641104605,0.7554818365566436
1.4304456546328859,-1.0534016124549512,0.7589938496623473
1.4541650849365944,-1.1538407736777263,0.7609101885823388
1.2714517987832883,-0.34594711815762924,0.7386909148492271
1.2935536588546162,-0.45073599091944166,0.7422619273515758
1.3174592281853719,-0.5519633518379111,0.7441933048056927
1.34176322367164,-0.6548778354383551,0.746156871884045
1.3660672191579082,-0.7577923190387991,0.7481204389623972
1.3882361261872975,-0.8591320131705836,0.7511017482427973
1.4106953214612485,-0.961700923494463,0.7541065104752266
1.4298847410436966,-1.0616233347251207,0.7586324613966325
1.452047443438851,-1.1629367555337153,0.7616132693925619
1.246637162671988,-0.2552248913009204,0.7369533204047105
1.2731489381609271,-0.3562994168887692,0.7373048320275084
1.293719231353935,-0.4620515439319321,0.7419507898623481
1.3175716181055344,-0.5630537049373461,0.7438778705924292
1.3434547184615484,-0.6651957030207218,0.7447753990938841
1.3639875749835486,-0.7670597286573368,0.7488215235815177
1.3881834325588658,-0.8695163057679012,0.7507763539876635
1.4060985600305322,-0.9714843734206415,0.7564014133497416
1.4297116251759283,-1.0714731348173054,0.7583091588216613
1.45086562263214,-1.1722377846373773,0.7618086577280659
1.2471333789953587,-0.26048139083736377,0.7354752787418439
1.269964417216984,-0.3646108190093419,0.738516837647806
1.2922906641247838,-0.4666027246732343,0.7415176134814611
1.3164865217001007,-0.5690593017837987,0.743472443887607
1.340682379275418,-0.671515878894363,0.7454272742937531
1.361950392947001,-0.7727527973700365,0.7489410508607962
1.3843236177997222,-0.8749436296237948,0.7519456221340163
1.4017083739843892,-0.9746412887749325,0.7575396525951472
1.427428598650867,-1.07610061456325,0.7584206446735846
1.4490599265243582,-1.175149908029883,0.7613652766465047
1.2443929574384618,-0.26692268178149026,0.7361364873874499
1.268588815013779,-0.3693792588920547,0.7380913177935957
1.290098483090708,-0.4716289258146632,0.7416296841589635
1.3142132372328117,-0.5737420730578179,0.7435779620609548
1.3379326675365204,-0.674181234280593,0.7454943009809463
1.3586720659043907,-0.7768917764915442,0.7495706219028833
1.3826786821355432,-0.8785470172448192,0.7515101631326684
1.4018044237265679,-0.9781471394562405,0.7560562997291728
1.4256758675690315,-1.0792299970971662,0.7579849201187001
1.4491559762665367,-1.1786557587111912,0.7598819237805302
1.242361327376519,-0.27261820150244453,0.7362665953591221
1.2660807576802275,-0.3730573627252195,0.7381829342791135
1.2886689368721123,-0.4761443730835626,0.7412116268899607
1.3127296220587403,-0.5780285670817775,0.7431555364558489
1.3363958697832925,-0.678242528391497,0.7450675786518046
1.3562368163691043,-0.7808536141703448,0.7496799414992272
1.3797701076457658,-0.8805045756974255,0.7515812418850931
1.3983101795188295,-0.9813261972460644,0.756690379368148
1.4216839230580223,-1.0803015590339784,0.7585787895819064
1.4454472289895346,-1.1809265101850244,0.7604986732992274
1.240644377677269,-0.27590962846919886,0.7358286955829667
1.2628387882301872,-0.3773222186992857,0.7388289522385894
1.28684540446134,-0.47897745945256076,0.7407684934683745
1.3080898365473366,-0.5800829344927827,0.7442955630395867
1.3344650858378886,-0.6806214616024997,0.7446157801700793
1.3555486406219375,-0.7810457069057286,0.7481298521510831
1.3777337442235031,-0.8824188871510308,0.7511293568799995
1.3962217536104193,-0.9829989931354475,0.7562444202710759
1.4195423145704558,-1.0817491550103058,0.7581285337607984
1.4403989570167712,-1.1812125473511645,0.7616242730525824
1.2364095654489076,-0.27966129328813993,0.7370098841940801
1.2588639098983219,-0.38216754565461186,0.7400345187940859
1.2827353537407855,-0.4832504032955373,0.7419631391836132
1.3062154624382907,-0.5826761649095624,0.7438601428454433
1.3317193951193866,-0.6832476874728165,0.7447101507568372
1.3535670149782597,-0.783184784164513,0.7476857668968007
1.3756987184474592,-0.8843248237251145,0.7506843347043224
1.3928504142323361,-0.9829373224492557,0.7563068190709712
1.41647854777516,-1.082989890487952,0.7582157819480345
1.4382056204546119,-1.1824165340433892,0.7611816588468501
1.23430584550812,-0.2812763466411936,0.7365593120831899
1.2567076762014873,-0.383553211654849,0.739583081373868
1.2801346023198363,-0.4827537733558186,0.7414757883116623
1.3039519772068244,-0.5836076777518042,0.7434000403650864
1.329008950588058,-0.6822935851510947,0.7442105601859047
1.3511962782121616,-0.7836621438487594,0.7472169993563049
1.3715372827514785,-0.884629543868344,0.7512881522992687
1.390379424329035,-0.9829585754900623,0.7558451500908261
1.4139534889163832,-1.0827821902838188,0.7577497446317862
1.435242474140905,-1.1803467471167868,0.760683604972014
1.2318147871975507,-0.28123718908347783,0.7360842009102206
1.252697818937842,-0.3844857466729388,0.7402059000436321
1.277538734050383,-0.48226378186411517,0.740995586717397
1.2997276168739154,-0.5836319064539033,0.7440055289145726
1.3230481778339516,-0.6823820683287618,0.7458896424042951
1.3467574148099886,-0.7827780662348678,0.747805157785513
1.3657408327156038,-0.8816877790289547,0.7523820130144351
1.387525971125708,-0.9813462609454628,0.755359335914972
1.4110459667575803,-1.0809409224942796,0.7572595621198289
1.4322842109786937,-1.1782835986381999,0.7601927003748636
1.2275292749803515,-0.28098843300821497,0.736691503638381
1.2508498359403877,-0.3797385948830734,0.7385756171281036
1.274559072916425,-0.4801345927891795,0.7404911325093215
1.2955243207070704,-0.5800157536538157,0.744015910513292
1.319152454249894,-0.6800683216925121,0.7459248733903552
1.3427805877927175,-0.7801208897312084,0.7478338362674184
1.3608267870749158,-0.8787459305072335,0.7529537335108566
1.3842927137513126,-0.9781116388111104,0.7548495913796105
1.4073739531051457,-1.075848401077219,0.7567143696111717
1.428947030021734,-1.174601895901744,0.7596779370302733
1.2239602979282902,-0.28004775467978926,0.7367581991812231
1.2472010850195923,-0.3784601166850644,0.7386358675848919
1.2708292185624157,-0.47851268472376074,0.7405448304619551
1.2925031248261911,-0.5776861186114463,0.7435199214593657
1.3176981391965412,-0.6769776147677322,0.744331461742687
1.3392647939256848,-0.7756968954974224,0.7472978876799587
1.3593824558777645,-0.8756764412501296,0.7513712606159184
1.3828483825541613,-0.9750421495540064,0.7532671184846724
1.4040941690557285,-1.0724027241415948,0.7562076208535944
1.4246717440650376,-1.1706317678153422,0.7597061440881316
1.2217312899718942,-0.2736766356881669,0.7351021985867661
1.2439040085502093,-0.3749552546550453,0.7381209669806874
1.2670916130623548,-0.47314241674726487,0.7399943386603203
1.2891030111505628,-0.573737929311208,0.7430000736579996
1.314239742237051,-0.672789646334778,0.7438035277422406
1.3340875106816525,-0.7716122976513801,0.7478618502150338
1.3558294503688018,-0.8710667973225085,0.7508458151442647
1.3788575071434783,-0.9685783596755614,0.7527062966517901
1.3976912685547012,-1.0668017102576388,0.757296391185286
1.4190826464075783,-1.1647717671685427,0.760252033541914
1.219502282015498,-0.26730551669654457,0.7334461979923089
1.2387794727789136,-0.37107997517876834,0.7386959458450801
1.2633642089717054,-0.4678013072100899,0.7394514258087745
1.2853266388091436,-0.5681824457487537,0.7424565819453952
1.3084078781629764,-0.6659192080148622,0.7443213601769565
1.3318738048393735,-0.7652849163187391,0.7462172180457103
1.3510425158044157,-0.8649090510898959,0.7508428172532682
1.373990798710358,-0.9620828135733654,0.7526968536747397
1.3936692773597184,-1.0601745736227262,0.756748253654001
1.4146318747090176,-1.1563219537959455,0.7596726313787476
1.214105411160976,-0.26227002356015505,0.7340025517546925
1.235796392291507,-0.3614947017705904,0.7369891544013714
1.2592623189679037,-0.4608604100744673,0.7388850122701252
1.2811766669308913,-0.5610309279197361,0.7418896611577546
1.3042047237055678,-0.658542490272789,0.7437501426652798
1.327616581426489,-0.7576792453317261,0.7456416321979307
1.3463646061331718,-0.8555044488606314,0.7502416867922076
1.367875209682731,-0.9539653240326201,0.753213716383198
1.389277675321339,-1.0519682927147291,0.7561770093019823
1.410193077172507,-1.147908805526438,0.7591009513898048
1.2317605454052307,-0.3548194229829972,0.7364348313730487
1.255172403126152,-0.4539561780419343,0.7383263209056994
1.275883402016731,-0.5527080835322185,0.7418558879903066
1.2976153820928977,-0.6520993509036268,0.744849180400754
1.319239224258114,-0.7510327117851556,0.7478337361389953
1.3420811420057435,-0.8477560744425141,0.7496791791123951
1.3653037583825003,-0.9460914931441619,0.7515553794686849
1.384519121568521,-1.042194127529301,0.7555828729654317
1.4038989075617665,-1.13899300497897,0.759623650500656
1.223777307450856,-0.34981720609010636,0.7386705977993226
1.2521961960960892,-0.44439299051718534,0.7366234621611696
1.2698418415752426,-0.5448759874491126,0.7423922411290125
1.2930644579519994,-0.6432114061507603,0.7442684414853022
1.3142612923662762,-0.7403295969583732,0.7472218758157967
1.3374298397875575,-0.8384360624150813,0.7490937078359834
1.3584662400880463,-0.9348749001516432,0.7520341803823031
1.3797743147303916,-1.0324641341107308,0.7549966020272392
1.4009742514617858,-1.1295954615799386,0.757950286999969
1.2204444588923713,-0.33871926311306944,0.7369507461190296
1.2432863766400009,-0.43544262577042797,0.7387961890924295
1.2649789210517004,-0.5346528649956388,0.7417930501771992
1.2897316093935145,-0.6321134631737235,0.7425485898050092
1.3109362036414551,-0.7292574931966497,0.74550602844675
1.3341047510627364,-0.8273639586533577,0.7473778604669367
1.351659761128246,-0.9237616640203776,0.7525289985409065
1.3728674576933038,-1.0209188307048986,0.7554866878248826
1.395443462545152,-1.1165161937969794,0.7573106471781031
1.418395734144531,-1.213706846273928,0.7591650058538775
1.2153167374843163,-0.3273678303204992,0.736333538767779
1.2381054726527898,-0.42386599306480216,0.7381746850171429
1.2597525943189964,-0.5228768715922707,0.7411712536891231
1.2824881469083136,-0.619149834423518,0.7430081032144513
1.3056026253741193,-0.7170273466352863,0.744875566898535
1.3266563180945736,-0.8135253694662432,0.7478241912914816
1.3497167276049038,-0.9111739284330717,0.7496872866394622
1.369197141555606,-1.0083567944195602,0.7537564583782674
1.3899299660484838,-1.1034961111084152,0.7566791592028645
1.4128281686923874,-1.2004578103404242,0.7585291495425357
1.2080447014854285,-0.3142621493010044,0.7368008758050251
1.2325629352090557,-0.41074399607305057,0.7375307186297281
1.2526536273373163,-0.5104970261845034,0.7416559506881604
1.2768478905162497,-0.6056070301528529,0.7423596193022783
1.2999083000265799,-0.7032555891196812,0.7442227146502588
1.32091834275418,-0.7995617579166645,0.7471711898545506
1.342198287070998,-0.8970108162724046,0.7501414709333243
1.3629947131056537,-0.9924124320852814,0.7530726876294054
1.3822256202042207,-1.0885247302690026,0.7571284559825913
1.4069034016653168,-1.1856821767802157,0.7578711889794019
1.2049943502226266,-0.29700657117330986,0.7338595694115776
1.2266614234377564,-0.39608789479082607,0.7368645047663868
1.2493437934479172,-0.4921356577090179,0.738697057567679
1.2724042029582474,-0.5897842166758462,0.7405601529156596
1.2934787336039444,-0.6863564379287352,0.7435172156035026
1.31316125751892,-0.7843670538301387,0.7476162257162751
1.3377754374382387,-0.88126220121733,0.7483504428416017
1.356813122580944,-0.9765422681729349,0.7523973551754395
1.3750991842442548,-1.0723060108770595,0.7570107475645214
1.3974358674898997,-1.1668899743603904,0.7588153716595805
1.1977744090368454,-0.284086386208645,0.7343480021860642
1.2193437633036455,-0.38274690254724764,0.7373484200161153
1.2434099370227045,-0.4773285549356698,0.7380349852751981
1.2648720397548727,-0.5755349181162772,0.7410267380451101
1.287448044606721,-0.6711322812083579,0.7428506973983307
1.3104003162061,-0.7683229336853066,0.7447050560741049
1.3295669771849994,-0.8641351055527231,0.7487691433750452
1.3506523699814772,-0.9607463026825204,0.75173046101637
1.3707232199432913,-1.056724342271332,0.7552387056363152
1.3911939107623543,-1.1507326037393955,0.7581503603089922
1.2127435856030298,-0.36509722521388566,0.7366426464690417
1.2356417882469333,-0.46205892444589464,0.7384926368087128
1.2581646105196254,-0.5574310876249198,0.7403122994378974
1.2810628131635287,-0.6543927868569288,0.7421622897775686
1.3023208317890547,-0.7517279429325114,0.7451409315746509
1.3230971048850564,-0.8470231631289992,0.7480806522131749
1.3432660162884948,-0.943405911399496,0.7516018854765479
1.363802081401974,-1.0376839786553496,0.7545221992448434
1.3827475995709548,-1.1325456893402954,0.7585751747463167
1.2075803941904688,-0.3462066372638096,0.7347951821037944
1.229011925021362,-0.4442695056170619,0.7377912196687013
1.2499617103227312,-0.5402924380912194,0.7407483360750502
1.2727517750556834,-0.6367962308333487,0.742589589742515
1.292727573279865,-0.7323507182615515,0.7461002870852195
1.3154365345796042,-0.8285110811362711,0.7479349882485297
1.3364102520415937,-0.9246353535713037,0.7508940381806946
1.3551168998742706,-1.0184715364360934,0.7549344696413558
1.3776636543075829,-1.1139450395759936,0.7567560657963567
1.4017364677672965,-1.2085688468308957,0.7574364127346285
1.199242772874785,-0.32848347640635367,0.7352270891180384
1.2194801689714967,-0.4251351622488874,0.7387639875305808
1.2421891302712356,-0.5212955251236071,0.740598688693891
1.2672393594550688,-0.6164128252435264,0.7407206656340811
1.2872347748166195,-0.7120398514816575,0.7442380139522604
1.3082756393256636,-0.8084414363682485,0.7472058662041785
1.3271165812524501,-0.9028322441361556,0.7512639023043457
1.3496633356857624,-0.9983057472760558,0.7530854984593465
1.3700119402894555,-1.0917759799610405,0.7559974216867311
1.392504625767292,-1.1870205298560008,0.7578146495056288
1.1933567496555975,-0.3065180414273162,0.7333279805232525
1.2136150924541567,-0.4032478960776045,0.7368716373293708
1.2363240537538958,-0.4994082589523241,0.7387063384926811
1.254022753764005,-0.5962459455564173,0.7439501426573337
1.279769634931959,-0.6906748731056889,0.7434876887714785
1.2991162626306296,-0.7871929518362177,0.7475933349673354
1.3212933981388055,-0.8811013155803818,0.7493850688902871
1.3438401525721178,-0.9765748187202821,0.751206665045288
1.3623881552071246,-1.0697111454230934,0.7552477887685398
1.384826771729486,-1.164726742073114,0.7570606482513345
1.184668776582984,-0.2836238676402131,0.7331145088965996
1.2073777378827228,-0.3797842305149327,0.7349492100599098
1.2271307772055193,-0.47800920703704636,0.7390944457999229
1.2508922388604793,-0.5713356637836247,0.7397395058825948
1.2719619186816395,-0.667845227079106,0.7427164409380145
1.2925538416667126,-0.7623317444889718,0.7456547770891786
1.31340813204229,-0.8579292481365783,0.7486143104122529
1.3320407916975272,-0.9514100131569884,0.7526690284992439
1.3526256236720458,-1.04586650391178,0.75560679175387
1.3749561022834558,-1.140424194071921,0.7574109145644583
1.1969132597449552,-0.3602719427693334,0.7365194212871657
1.2205526190210654,-0.45308838048752886,0.7371512391019144
1.2401208569630335,-0.5505167824344265,0.7412882991372183
1.2626135424408704,-0.6457613323293868,0.743105526956116
1.2863610396279317,-0.7390356765374619,0.7437460814430708
1.3072301808477267,-0.8346890460554558,0.7467101919739296
1.3258925421913994,-0.9282815428166404,0.7507740644764895
1.3464922250101359,-1.0227938994418195,0.7537164049389
1.367537606538034,-1.1155517201872827,0.7560557282615499
1.389841050671706,-1.2099949337249538,0.7578576669040866
1.1889575348127972,-0.33678748056338315,0.7357497250610996
1.212527974289214,-0.4293190991662516,0.7363725973319606
1.2335741732196537,-0.5257151942894521,0.7393543900789131
1.2541443880666443,-0.6200957501908055,0.7422977271457448
1.2765830045890052,-0.7151113468408261,0.7441105866285393
1.2969927853222076,-0.8088125496711285,0.7470409619111962
1.3176622743169566,-0.9036134787435189,0.7499923195295615
1.3391081891645604,-0.9980638351148448,0.7523656914079353
1.3592236929597648,-1.0905189317595732,0.7552722914842603
1.3814730681379614,-1.1847331920523045,0.7570698617906941
1.181673385971783,-0.3088631202907052,0.7337562347628306
1.2041660714496198,-0.4041076701856655,0.7355734625817283
1.22517482502144,-0.5003381845980821,0.7385556074244968
1.2441713664009577,-0.5953176777249365,0.7426599884990464
1.2680930284530159,-0.6893435565256165,0.7433078593459029
1.287644067194016,-0.783036237700222,0.7468146359562908
1.309947511327688,-0.877479451237893,0.7486165745988276
1.3318853252296607,-0.9703744153733072,0.750388973263618
1.3505773963435086,-1.0640646389979185,0.7544687555930623
1.3709129471008419,-1.1574444978442402,0.7573965110707435
1.1761171400777952,-0.28099290254038745,0.7306141609565475
1.1930109370963684,-0.38157956686649497,0.7371317802791194
1.2149753422879193,-0.4745871309584368,0.7389063273059278
1.237305820899329,-0.5691448211185778,0.740710450116516
1.2592702260908801,-0.6621523852105198,0.7424849971433243
1.2807868334908157,-0.7568950673609411,0.7448674577897201
1.303090277624488,-0.8513382808986123,0.7466693964322568
1.3215581036112998,-0.9440649066791579,0.7507378163199988
1.3419643469209648,-1.0377370913045751,0.7536746605657021
1.3637426130854686,-1.1299564557008228,0.7554341690583849
1.1857793181748808,-0.3538565841919372,0.7351526661128089
1.2077437233664317,-0.44686414828387916,0.7369272131396173
1.229322711520271,-0.5418674699463184,0.7393164023380756
1.2512605254222438,-0.6347624340817325,0.741088801002866
1.2735639695559158,-0.7292056476194035,0.7428907396454028
1.2938383684289594,-0.8223125216883633,0.7458203093017584
1.3126527756383461,-0.9164926953583064,0.7499234849191161
1.3330224599657112,-1.010003052604824,0.7528607528727025
1.3529228080320221,-1.1015260206186264,0.7557601022366724
1.3768347118628286,-1.1955246176459278,0.7564004299394738
1.1774929593180268,-0.3252916231294386,0.7337358069086847
1.1997964034516992,-0.4197348366671097,0.7355377455512215
1.2202496327880255,-0.5135919430050447,0.7384851406478053
1.2394217009239783,-0.6092725812129383,0.7426239671456198
1.2631556606678211,-0.7025246993031485,0.74324654102026
1.2833412043557275,-0.7952482994120373,0.7461723092725301
1.3054824416229729,-0.889004653214889,0.7479611429067574
1.325507551197091,-0.9810489002527268,0.7508739493748526
1.3439802684171385,-1.0737681596039397,0.7549562739515956
1.3659592988179572,-1.166837653671972,0.7567320025775137
1.1731951372367235,-0.30998819860595617,0.7319954085863395
1.1926566153226583,-0.4068802947967123,0.7361643718354313
1.2159622296693433,-0.4983256176925284,0.7367489614729082
1.2366833702890394,-0.5933101661538067,0.7397213790224804
1.2569334018950427,-0.6862998187186014,0.7426557347583016
1.279074639162288,-0.780056172521453,0.7444445683925291
1.3012158764295334,-0.8738125263243046,0.7462334020267565
1.3195086673385088,-0.9657558544256648,0.7503079447651604
1.3397449601115632,-1.0586873303462534,0.753241190513939
1.357663700213806,-1.1490467523924566,0.7572855129599572
1.172450222995681,-0.33143303296850535,0.7344471375969193
1.1942284891601846,-0.42365239736475285,0.736206646089602
1.214887365884322,-0.518366271822488,0.7391774105971066
1.2369745341960918,-0.6118936723803998,0.740961875895231
1.2602892298591795,-0.7033844693667035,0.7415438218507397
1.2807867860932092,-0.7974152374215036,0.7445015529620023
1.3008150060661845,-0.8894586162435882,0.7474213654836483
1.3193462402867837,-0.9823975857444662,0.7515219272794617
1.3391076609876582,-1.073311211669389,0.7544201845688612
1.3609785534775258,-1.1659227992475416,0.7561871765225732
1.1769573400962154,-0.3606202891939221,0.7347333106231512
1.1972397325196118,-0.4537329334951441,0.737677035610743
1.2207695919933326,-0.5461418542350258,0.7382729876899223
1.2393947901855142,-0.6394646720382873,0.7423878957761814
1.2629778322383913,-0.7320987926912246,0.7429881445793965
1.2816947703796178,-0.8258100803445068,0.7471104645146173
1.301549043040806,-0.9171098653456315,0.7500196008737205
1.3234199355306737,-1.0097214529237841,0.7517865928274323
1.3431137740780739,-1.1003418848538582,0.7546827674023608
1.1625628215255683,-0.3025346514221475,0.7321906900652297
1.1828804514485256,-0.3957894882270948,0.7351406393381532
1.20491355080482,-0.4890879355400668,0.7369207363001744
1.2239154670144319,-0.5839919145167902,0.741072834926336
1.2470497770148081,-0.6747329133419954,0.7416334524148411
1.2674059643076538,-0.7681510200839079,0.7445865168126904
1.287295474468403,-0.8595929975887581,0.7475018774571252
1.3074362723156656,-0.9520990446827957,0.7504375401226293
1.3271121657834704,-1.0426364692035393,0.7533356422588534
1.3585806291257978,-1.1686681710704911,0.7545695922098106
1.1718869732086805,-0.3665253659541472,0.7354998244304655
1.193452509056559,-0.4578439306981725,0.7372421460270048
1.2153774705019023,-0.5506844715212649,0.7390135063168197
1.235395287675736,-0.6426627413776875,0.7419426105136488
1.2572661801656035,-0.7352743289558401,0.7437096024673606
1.2774812160704752,-0.8280877151565104,0.746654640349156
1.298940386760041,-0.9189558800744246,0.7483883684976236
1.3181125481149913,-1.0109599826044209,0.751905063417149
1.358238413710556,-1.177264929047734,0.7544909972613016
1.1716633065852715,-0.37563113450958363,0.7354274298902954
1.1946190036755746,-0.4656298418374585,0.7359668621359312
1.2150465523438614,-0.5593360869187058,0.7389324467165108
1.2353659631011973,-0.6525844255100737,0.7418892946248843
1.256825133790763,-0.7434525904279878,0.7436230227733519
1.2769832240579915,-0.8360178226164204,0.7465668372854832
1.297533254245241,-0.9266394865923613,0.7488847157951584
1.3175029895446242,-1.0184071357553888,0.751813312742996
1.16092121534052,-0.3257840733072369,0.731874824997119
1.1814318658296084,-0.4198351908139596,0.7348505009146624
1.203302758319476,-0.5124467783921123,0.7366174928683743
1.221771986606425,-0.6050529902743518,0.7407468188760566
1.2427469254621606,-0.6974704065029723,0.7431007152733056
1.264126322282992,-0.7880007715513031,0.7448279983357193
1.2841791594031766,-0.8801132931398059,0.7477666866205208
1.3058608105488798,-0.9719235443606692,0.7495183893978719
1.1539123460748266,-0.30614408141132154,0.7312609954933567
1.1722823723438034,-0.40191239204480733,0.7360500405056826
1.1943885336983913,-0.4919240124385993,0.7371750613183915
1.2153974892658135,-0.5844819615589413,0.7395333946815504
1.2367768860866453,-0.6750123266072722,0.7412606777439643
1.2568977566302038,-0.7674059139792178,0.744208239960586
1.278579407775907,-0.859216165200081,0.745959942737937
1.2981835209253303,-0.9494215600835036,0.7488657551193436
1.1509505897075503,-0.31081281084920287,0.7323062301924025
1.1702583908845683,-0.4033491585254466,0.7358541479921659
1.1933929022746748,-0.49412610787699296,0.7363978948553989
1.2132662562719467,-0.5854645748815852,0.7393288371078948
1.2349479074176497,-0.6772748261024485,0.7410805398852458
1.256629558563353,-0.7690850773233118,0.7428322426625967
1.2762884094913611,-0.8595152380119133,0.7457458547948147
1.3458992662632727,-1.1399093785550867,0.7487191807006175
1.1537009481881357,-0.34323041388848263,0.7344908236290664
1.1753285303783634,-0.43481171186440604,0.7362381580703141
1.198425145139951,-0.5254352087165743,0.7367754658120138
1.2182291442311097,-0.6164729750625493,0.7397041821259042
1.2382804423153455,-0.7085579210042325,0.7426528782065611
1.2595002913987081,-0.7984126863133968,0.7443672710968674
1.3001716688084866,-0.9706343198226283,0.7476531908032877
1.1481151610287645,-0.3223853984872608,0.7326885853421997
1.169742743218992,-0.41396669646318424,0.7344359197834476
1.189915257305758,-0.5065579081013658,0.7373977865199606
1.2096268557065026,-0.5971973871597328,0.7403224149814964
1.2311462999857792,-0.6883207786457767,0.742061012750538
1.2523129664899855,-0.7779503440418853,0.7437711089168084
1.3020267932961906,-0.9812905848181169,0.7464554956237455
1.146918997921571,-0.3344567702660236,0.7339119282371339
1.1684384422008476,-0.42558016175206753,0.7356505260061755
1.1899578864801241,-0.5167035532381112,0.737389123775217
1.2111245529843304,-0.60633311863422,0.7390992199414875
1.2310779145670263,-0.6979893165253446,0.7420467583000273
1.2521913984920765,-0.7873936820083977,0.7437525577422619
1.3535604453701948,-1.1700694712960706,0.7432618217786027
1.1544519582636819,-0.37630594161335307,0.7345151786781225
1.1759173335874826,-0.467200379854457,0.7362494081110609
1.1966421048497136,-0.5585374108427232,0.7385932251192977
1.2184961928363336,-0.6474991835786141,0.7396894369862339
1.2399615681601346,-0.7383936218197181,0.7414236664191725
1.3529329224007443,-1.170244633824268,0.7418483504747018
1.1545383268880194,-0.37945842795645457,0.7331813370296698
1.1738626671305081,-0.47201216314898736,0.7367559213966193
1.1948963771868235,-0.5610787287624572,0.7384552757528
1.2162806490774112,-0.6516297371361515,0.7401829526815839
1.2389021499683897,-0.7402694578530529,0.7406683655325988
1.1401971481635724,-0.3215179312194696,0.730681865762357
1.1606154588542847,-0.41155024527007933,0.7330043006039948
1.1791649688520462,-0.5043840946690599,0.7371941507942887
1.2004951717871584,-0.5947061497978143,0.7389174593869694
1.2230273662231004,-0.6829747247660507,0.7393922796165499
1.1519761078730517,-0.39202295367251005,0.7336651337306501
1.1704471816482975,-0.4845106283223857,0.7378554016643066
1.1942868382853231,-0.5711863745016788,0.7370834999554757
1.215617041220435,-0.6615084296304333,0.7388068085481564
1.150702117080286,-0.4036559636124962,0.7349345381528687
1.1733575097428668,-0.4924602565899927,0.7354125570484833
1.1942848546408698,-0.5810764223773515,0.7371033179565925
1.3028233929763426,-0.9872100917160206,0.7357296999790054
1.137241766462386,-0.35297482490123655,0.7331992947745015
1.1580893374916545,-0.44125319081901193,0.7348836105965568
1.180011333961564,-0.5305200687072192,0.7359768654740029
1.2023926107065404,-0.6181706462381826,0.7364293606321581
1.1330691906495998,-0.32738505668578655,0.7294995879477204
1.1519203470411616,-0.4178824635285553,0.7330612732146924
1.1716771829611483,-0.5086573430036272,0.7360165755369206
1.2969554432822221,-0.9679921271203895,0.7325469587984321
1.128841422344668,-0.3371235192205515,0.7325977223287927
1.14992831498014,-0.4264152847470768,0.7343013734090094
1.1721088194070615,-0.5132297374836035,0.734730893022614
1.3515139675943124,-1.1627383036537584,0.7281068433662516
1.1386054975029822,-0.3812068043382473,0.7320694030733523
1.1611035422054128,-0.46937289066098387,0.7325212000043966
1.3016956863438227,-0.9865930549520429,0.7288554102786204
1.1314309212000155,-0.3535639171477507,0.7301725772124921
1.1525178138354875,-0.44285568267427594,0.7318762282927087
1.3000015263324736,-0.9822410480660089,0.7273608293617619
1.1304787066583355,-0.35226941978475323,0.7287784680638267
1.1515655992938076,-0.4415611853112786,0.7304821191440434
1.3539668833747078,-1.1745983190791183,0.7228136866560625
1.1388815005402597,-0.3976685017087054,0.7295161642533158
1.3428525683203385,-1.1445557743343562,0.7232914495161877
1.1310538781233404,-0.37078983171822344,0.7282596415990004
1.295988016139468,-0.9737115456603235,0.7229634507643072
1.1242997618858042,-0.3519828990524704,0.7277846023595811
1.1726699650441357,-0.5250076946432036,0.7254701467292769
1.1188885305751632,-0.3317892903825367,0.726038684019179
1.1446455602464445,-0.4232090009455394,0.724654324193285
1.1728634680882668,-0.5278043938290553,0.7221431621710908
1.1354817091082503,-0.3898802180874622,0.7212796030650603
1.174470403188201,-0.5330812739404602,0.718225486638762
1.1404666405244086,-0.40943303625508265,0.7176483519437066
1.1691465994463748,-0.5188243773241956,0.7138083700456382
1.137911341160681,-0.3998367324619937,0.7120704687497995
1.143244239888179,-0.41742825101702813,0.7077286718928739
1.1727726256906,-0.5340259827621792,0.704609771575403
1.1417114358948974,-0.41224941520234304,0.7021911808493425
1.139171506455214,-0.4098018030175874,0.6979888467395058
1.1837932572788366,-0.36441472749097426,0.6469545625612523
1.1835037880737946,-0.36532203996773704,0.6411223695891524
1.1811136630062782,-0.36426688091415815,0.6365673815136793
1.183565248424752,-0.3665400087266144,0.628710271189738
1.1853447306384086,-0.3694966571035737,0.6214919244128955
1.1887107138292907,-0.36901443530106726,0.612114853098707
1.1883709946456742,-0.3700037869506785,0.6061367504071808
1.1697204192132777,-0.3565459664484424,0.6041932374882986
1.1738875007646588,-0.36310131220668473,0.5955182257851575
1.182471201967516,-0.37169733854863496,0.5832601992372956
1.1696502794533492,-0.35989559726470355,0.5833030019080273
1.1740349134850274,-0.36433401057494186,0.5737160860772716
1.1820697412922487,-0.3667613126070124,0.5465246955251046
1.1793030131721756,-0.364796728790555,0.5463920694042202
1.1742463885471208,-0.36300470798479756,0.5484998116742587
1.1698420280685522,-0.36064872570165896,0.5498692435646269
1.168757968436486,-0.35917499024224653,0.5482821039184541
1.1679542762730115,-0.36040201600308186,0.5125118326803377
